timestamp,demanda_mw,temperatura_c,humedad_pct,viento_kmh,radiacion_wm2,precipitacion_mm,precio_kwh,hora,dia_semana,fin_semana,festivo,mes,periodo_dia_madrugada,periodo_dia_manana,periodo_dia_tarde,periodo_dia_noche
2026-10-07T00:00:00-05:00,592.39,18,83,10,0,0.0,24.0,0,2,0,0,10,1,0,0,0
2026-10-07T01:00:00-05:00,587.32,18,83,10,0,0.0,24.52,1,2,0,0,10,1,0,0,0
2026-10-07T02:00:00-05:00,582.39,18,83,10,0,0.0,25.0,2,2,0,0,10,1,0,0,0
2026-10-07T03:00:00-05:00,579.38,18,83,10,0,0.0,25.41,3,2,0,0,10,1,0,0,0
2026-10-07T04:00:00-05:00,580.5,18,83,10,0,0.0,25.73,4,2,0,0,10,1,0,0,0
2026-10-07T05:00:00-05:00,587.68,18,83,10,0,0.0,25.93,5,2,0,0,10,1,0,0,0
2026-10-07T06:00:00-05:00,601.88,18,83,10,0,0.0,26.0,6,2,0,0,10,0,1,0,0
2026-10-07T07:00:00-05:00,622.68,19.29,79.38,10.78,90.59,0.0,25.93,7,2,0,0,10,0,1,0,0
2026-10-07T08:00:00-05:00,648.12,20.5,76.0,11.5,175.0,0.0,25.73,8,2,0,0,10,0,1,0,0
2026-10-07T09:00:00-05:00,675.0,21.54,73.1,12.12,247.49,0.0,25.41,9,2,0,0,10,0,1,0,0
2026-10-07T10:00:00-05:00,699.5,22.33,70.88,12.6,303.11,0.0,25.0,10,2,0,0,10,0,1,0,0
2026-10-07T11:00:00-05:00,717.94,22.83,69.48,12.9,338.07,0.0,24.52,11,2,0,0,10,0,1,0,0
2026-10-07T12:00:00-05:00,727.61,23.0,69.0,13.0,350.0,0.0,24.0,12,2,0,0,10,0,0,1,0
2026-10-07T13:00:00-05:00,727.32,22.83,69.48,12.9,338.07,0.0,23.48,13,2,0,0,10,0,0,1,0
2026-10-07T14:00:00-05:00,717.61,22.33,70.88,12.6,303.11,0.0,23.0,14,2,0,0,10,0,0,1,0
2026-10-07T15:00:00-05:00,700.62,21.54,73.1,12.12,247.49,0.0,22.59,15,2,0,0,10,0,0,1,0
2026-10-07T16:00:00-05:00,679.5,20.5,76.0,11.5,175.0,0.0,22.27,16,2,0,0,10,0,0,1,0
2026-10-07T17:00:00-05:00,657.68,19.29,79.38,10.78,90.59,0.0,22.07,17,2,0,0,10,0,0,1,0
2026-10-07T18:00:00-05:00,638.12,18.0,83.0,10.0,0.0,0.0,22.0,18,2,0,0,10,0,0,0,1
2026-10-07T19:00:00-05:00,622.68,18,83,10,0,0.0,22.07,19,2,0,0,10,0,0,0,1
2026-10-07T20:00:00-05:00,611.88,18,83,10,0,0.0,22.27,20,2,0,0,10,0,0,0,1
2026-10-07T21:00:00-05:00,605.0,18,83,10,0,0.0,22.59,21,2,0,0,10,0,0,0,1
2026-10-07T22:00:00-05:00,600.5,18,83,10,0,0.0,23.0,22,2,0,0,10,0,0,0,1
2026-10-07T23:00:00-05:00,596.7,18,83,10,0,0.0,23.48,23,2,0,0,10,0,0,0,1
